case_id,activity,timestamp,actor,system
INV-4000,Verify invoice against purchase order,2025-03-03T09:20:00,clerk0@corp.com,SAP
INV-4000,Match line items,2025-03-03T09:32:00,clerk0@corp.com,Coupa
INV-4000,Record verification result,2025-03-03T09:45:00,clerk0@corp.com,SAP
INV-4000,Correct mismatched line,2025-03-03T09:54:00,clerk0@corp.com,SAP
INV-4001,Verify invoice against purchase order,2025-03-03T12:03:00,clerk1@corp.com,SAP
INV-4001,Match line items,2025-03-03T12:17:00,clerk1@corp.com,Coupa
INV-4001,Record verification result,2025-03-03T12:19:00,clerk1@corp.com,SAP
INV-4002,Invoice / PO verification,2025-03-03T15:23:00,clerk2@corp.com,SAP
INV-4002,Match line items,2025-03-03T15:29:00,clerk2@corp.com,Coupa
INV-4002,Record verification result,2025-03-03T15:46:00,clerk2@corp.com,SAP
INV-4003,Verify invoice against purchase order,2025-03-03T18:13:00,clerk3@corp.com,SAP
INV-4003,Match line items,2025-03-03T18:20:00,clerk3@corp.com,Coupa
INV-4003,Record verification result,2025-03-03T18:34:00,clerk3@corp.com,SAP
INV-4004,Verify invoice against purchase order,2025-03-03T21:26:00,clerk0@corp.com,SAP
INV-4004,Match line items,2025-03-03T21:35:00,clerk0@corp.com,Coupa
INV-4004,Record verification result,2025-03-03T21:42:00,clerk0@corp.com,SAP
INV-4005,verify invoice vs PO,2025-03-04T00:35:00,clerk1@corp.com,SAP
INV-4005,Match line items,2025-03-04T00:41:00,clerk1@corp.com,Coupa
INV-4005,Record verification result,2025-03-04T00:59:00,clerk1@corp.com,SAP
INV-4006,Verify invoice against purchase order,2025-03-04T03:07:00,clerk2@corp.com,SAP
INV-4006,Match line items,2025-03-04T03:13:00,clerk2@corp.com,Coupa
INV-4006,Record verification result,2025-03-04T03:31:00,clerk2@corp.com,SAP
INV-4007,verify invoice vs PO,2025-03-04T06:37:00,clerk3@corp.com,SAP
INV-4007,Match line items,2025-03-04T06:43:00,clerk3@corp.com,Coupa
INV-4007,Record verification result,2025-03-04T06:55:00,clerk3@corp.com,SAP
INV-4008,Invoice / PO verification,2025-03-04T09:02:00,clerk0@corp.com,SAP
INV-4008,Match line items,2025-03-04T09:10:00,clerk0@corp.com,Coupa
INV-4008,Record verification result,2025-03-04T09:21:00,clerk0@corp.com,SAP
INV-4009,Verify invoice against purchase order,2025-03-04T12:26:00,clerk1@corp.com,SAP
INV-4009,Match line items,2025-03-04T12:40:00,clerk1@corp.com,Coupa
INV-4009,Record verification result,2025-03-04T12:42:00,clerk1@corp.com,SAP
INV-4010,verify invoice vs PO,2025-03-04T15:36:00,clerk2@corp.com,SAP
INV-4010,Match line items,2025-03-04T15:50:00,clerk2@corp.com,Coupa
INV-4010,Record verification result,2025-03-04T16:01:00,clerk2@corp.com,SAP
INV-4011,Verify invoice against purchase order,2025-03-04T18:11:00,clerk3@corp.com,SAP
INV-4011,Match line items,2025-03-04T18:20:00,clerk3@corp.com,Coupa
INV-4011,Record verification result,2025-03-04T18:31:00,clerk3@corp.com,SAP
INV-4011,Correct mismatched line,2025-03-04T18:45:00,clerk3@corp.com,SAP
INV-4012,Invoice / PO verification,2025-03-04T21:06:00,clerk0@corp.com,SAP
INV-4012,Match line items,2025-03-04T21:13:00,clerk0@corp.com,Coupa
INV-4012,Record verification result,2025-03-04T21:30:00,clerk0@corp.com,SAP
INV-4013,Invoice / PO verification,2025-03-05T00:03:00,clerk1@corp.com,SAP
INV-4013,Match line items,2025-03-05T00:12:00,clerk1@corp.com,Coupa
INV-4013,Record verification result,2025-03-05T00:25:00,clerk1@corp.com,SAP
INV-4014,verify invoice vs PO,2025-03-05T03:34:00,clerk2@corp.com,SAP
INV-4014,Match line items,2025-03-05T03:45:00,clerk2@corp.com,Coupa
INV-4014,Record verification result,2025-03-05T03:56:00,clerk2@corp.com,SAP
INV-4015,verify invoice vs PO,2025-03-05T06:37:00,clerk3@corp.com,SAP
INV-4015,Match line items,2025-03-05T06:48:00,clerk3@corp.com,Coupa
INV-4015,Record verification result,2025-03-05T06:56:00,clerk3@corp.com,SAP
INV-4016,Verify invoice against purchase order,2025-03-05T09:15:00,clerk0@corp.com,SAP
INV-4016,Match line items,2025-03-05T09:24:00,clerk0@corp.com,Coupa
INV-4016,Record verification result,2025-03-05T09:31:00,clerk0@corp.com,SAP
INV-4017,verify invoice vs PO,2025-03-05T12:36:00,clerk1@corp.com,SAP
INV-4017,Match line items,2025-03-05T12:50:00,clerk1@corp.com,Coupa
INV-4017,Record verification result,2025-03-05T12:58:00,clerk1@corp.com,SAP
INV-4018,Invoice / PO verification,2025-03-05T15:21:00,clerk2@corp.com,SAP
INV-4018,Match line items,2025-03-05T15:34:00,clerk2@corp.com,Coupa
INV-4018,Record verification result,2025-03-05T15:40:00,clerk2@corp.com,SAP
INV-4019,Verify invoice against purchase order,2025-03-05T18:38:00,clerk3@corp.com,SAP
INV-4019,Match line items,2025-03-05T18:45:00,clerk3@corp.com,Coupa
INV-4019,Record verification result,2025-03-05T19:01:00,clerk3@corp.com,SAP
INV-4020,Verify invoice against purchase order,2025-03-05T21:26:00,clerk0@corp.com,SAP
INV-4020,Match line items,2025-03-05T21:37:00,clerk0@corp.com,Coupa
INV-4020,Record verification result,2025-03-05T21:43:00,clerk0@corp.com,SAP
INV-4021,verify invoice vs PO,2025-03-06T00:31:00,clerk1@corp.com,SAP
INV-4021,Match line items,2025-03-06T00:37:00,clerk1@corp.com,Coupa
INV-4021,Record verification result,2025-03-06T00:56:00,clerk1@corp.com,SAP
INV-4022,Invoice / PO verification,2025-03-06T03:04:00,clerk2@corp.com,SAP
INV-4022,Match line items,2025-03-06T03:15:00,clerk2@corp.com,Coupa
INV-4022,Record verification result,2025-03-06T03:24:00,clerk2@corp.com,SAP
INV-4022,Correct mismatched line,2025-03-06T03:38:00,clerk2@corp.com,SAP
INV-4023,Invoice / PO verification,2025-03-06T06:22:00,clerk3@corp.com,SAP
INV-4023,Match line items,2025-03-06T06:35:00,clerk3@corp.com,Coupa
INV-4023,Record verification result,2025-03-06T06:46:00,clerk3@corp.com,SAP
INV-4024,Verify invoice against purchase order,2025-03-06T09:29:00,clerk0@corp.com,SAP
INV-4024,Match line items,2025-03-06T09:36:00,clerk0@corp.com,Coupa
INV-4024,Record verification result,2025-03-06T09:48:00,clerk0@corp.com,SAP
INV-4025,Invoice / PO verification,2025-03-06T12:30:00,clerk1@corp.com,SAP
INV-4025,Match line items,2025-03-06T12:37:00,clerk1@corp.com,Coupa
INV-4025,Record verification result,2025-03-06T12:45:00,clerk1@corp.com,SAP
INV-4026,Invoice / PO verification,2025-03-06T15:19:00,clerk2@corp.com,SAP
INV-4026,Match line items,2025-03-06T15:32:00,clerk2@corp.com,Coupa
INV-4026,Record verification result,2025-03-06T15:38:00,clerk2@corp.com,SAP
INV-4027,Invoice / PO verification,2025-03-06T18:24:00,clerk3@corp.com,SAP
INV-4027,Match line items,2025-03-06T18:35:00,clerk3@corp.com,Coupa
INV-4027,Record verification result,2025-03-06T18:39:00,clerk3@corp.com,SAP
INV-4028,verify invoice vs PO,2025-03-06T21:29:00,clerk0@corp.com,SAP
INV-4028,Match line items,2025-03-06T21:37:00,clerk0@corp.com,Coupa
INV-4028,Record verification result,2025-03-06T21:53:00,clerk0@corp.com,SAP
INV-4029,verify invoice vs PO,2025-03-07T00:07:00,clerk1@corp.com,SAP
INV-4029,Match line items,2025-03-07T00:13:00,clerk1@corp.com,Coupa
INV-4029,Record verification result,2025-03-07T00:25:00,clerk1@corp.com,SAP
INV-4030,Verify invoice against purchase order,2025-03-07T03:18:00,clerk2@corp.com,SAP
INV-4030,Match line items,2025-03-07T03:27:00,clerk2@corp.com,Coupa
INV-4030,Record verification result,2025-03-07T03:39:00,clerk2@corp.com,SAP
INV-4031,verify invoice vs PO,2025-03-07T06:25:00,clerk3@corp.com,SAP
INV-4031,Match line items,2025-03-07T06:32:00,clerk3@corp.com,Coupa
INV-4031,Record verification result,2025-03-07T06:42:00,clerk3@corp.com,SAP
INV-4032,verify invoice vs PO,2025-03-07T09:28:00,clerk0@corp.com,SAP
INV-4032,Match line items,2025-03-07T09:42:00,clerk0@corp.com,Coupa
INV-4032,Record verification result,2025-03-07T09:47:00,clerk0@corp.com,SAP
INV-4033,verify invoice vs PO,2025-03-07T12:08:00,clerk1@corp.com,SAP
INV-4033,Match line items,2025-03-07T12:22:00,clerk1@corp.com,Coupa
INV-4033,Record verification result,2025-03-07T12:27:00,clerk1@corp.com,SAP
INV-4033,Correct mismatched line,2025-03-07T12:42:00,clerk1@corp.com,SAP
INV-4034,verify invoice vs PO,2025-03-07T15:26:00,clerk2@corp.com,SAP
INV-4034,Match line items,2025-03-07T15:38:00,clerk2@corp.com,Coupa
INV-4034,Record verification result,2025-03-07T15:44:00,clerk2@corp.com,SAP
INV-4035,Verify invoice against purchase order,2025-03-07T18:09:00,clerk3@corp.com,SAP
INV-4035,Match line items,2025-03-07T18:17:00,clerk3@corp.com,Coupa
INV-4035,Record verification result,2025-03-07T18:26:00,clerk3@corp.com,SAP
INV-4036,Invoice / PO verification,2025-03-07T21:14:00,clerk0@corp.com,SAP
INV-4036,Match line items,2025-03-07T21:23:00,clerk0@corp.com,Coupa
INV-4036,Record verification result,2025-03-07T21:29:00,clerk0@corp.com,SAP
INV-4037,Invoice / PO verification,2025-03-08T00:31:00,clerk1@corp.com,SAP
INV-4037,Match line items,2025-03-08T00:39:00,clerk1@corp.com,Coupa
INV-4037,Record verification result,2025-03-08T00:50:00,clerk1@corp.com,SAP
INV-4038,Verify invoice against purchase order,2025-03-08T03:18:00,clerk2@corp.com,SAP
INV-4038,Match line items,2025-03-08T03:26:00,clerk2@corp.com,Coupa
INV-4038,Record verification result,2025-03-08T03:39:00,clerk2@corp.com,SAP
INV-4039,verify invoice vs PO,2025-03-08T06:34:00,clerk3@corp.com,SAP
INV-4039,Match line items,2025-03-08T06:45:00,clerk3@corp.com,Coupa
INV-4039,Record verification result,2025-03-08T06:51:00,clerk3@corp.com,SAP
INV-4040,Invoice / PO verification,2025-03-08T09:32:00,clerk0@corp.com,SAP
INV-4040,Match line items,2025-03-08T09:38:00,clerk0@corp.com,Coupa
INV-4040,Record verification result,2025-03-08T09:54:00,clerk0@corp.com,SAP
INV-4041,verify invoice vs PO,2025-03-08T12:35:00,clerk1@corp.com,SAP
INV-4041,Match line items,2025-03-08T12:47:00,clerk1@corp.com,Coupa
INV-4041,Record verification result,2025-03-08T12:56:00,clerk1@corp.com,SAP
INV-4042,Verify invoice against purchase order,2025-03-08T15:25:00,clerk2@corp.com,SAP
INV-4042,Match line items,2025-03-08T15:38:00,clerk2@corp.com,Coupa
INV-4042,Record verification result,2025-03-08T15:50:00,clerk2@corp.com,SAP
INV-4043,Verify invoice against purchase order,2025-03-08T18:25:00,clerk3@corp.com,SAP
INV-4043,Match line items,2025-03-08T18:34:00,clerk3@corp.com,Coupa
INV-4043,Record verification result,2025-03-08T18:41:00,clerk3@corp.com,SAP
INV-4044,verify invoice vs PO,2025-03-08T21:13:00,clerk0@corp.com,SAP
INV-4044,Match line items,2025-03-08T21:21:00,clerk0@corp.com,Coupa
INV-4044,Record verification result,2025-03-08T21:29:00,clerk0@corp.com,SAP
INV-4044,Correct mismatched line,2025-03-08T21:47:00,clerk0@corp.com,SAP
INV-4045,Invoice / PO verification,2025-03-09T00:21:00,clerk1@corp.com,SAP
INV-4045,Match line items,2025-03-09T00:27:00,clerk1@corp.com,Coupa
INV-4045,Record verification result,2025-03-09T00:37:00,clerk1@corp.com,SAP
INV-4046,Invoice / PO verification,2025-03-09T03:00:00,clerk2@corp.com,SAP
INV-4046,Match line items,2025-03-09T03:08:00,clerk2@corp.com,Coupa
INV-4046,Record verification result,2025-03-09T03:23:00,clerk2@corp.com,SAP
INV-4047,verify invoice vs PO,2025-03-09T06:06:00,clerk3@corp.com,SAP
INV-4047,Match line items,2025-03-09T06:12:00,clerk3@corp.com,Coupa
INV-4047,Record verification result,2025-03-09T06:22:00,clerk3@corp.com,SAP
INV-4048,Invoice / PO verification,2025-03-09T09:13:00,clerk0@corp.com,SAP
INV-4048,Match line items,2025-03-09T09:25:00,clerk0@corp.com,Coupa
INV-4048,Record verification result,2025-03-09T09:30:00,clerk0@corp.com,SAP
INV-4049,verify invoice vs PO,2025-03-09T12:40:00,clerk1@corp.com,SAP
INV-4049,Match line items,2025-03-09T12:51:00,clerk1@corp.com,Coupa
INV-4049,Record verification result,2025-03-09T13:04:00,clerk1@corp.com,SAP
INV-4050,verify invoice vs PO,2025-03-09T15:23:00,clerk2@corp.com,SAP
INV-4050,Match line items,2025-03-09T15:30:00,clerk2@corp.com,Coupa
INV-4050,Record verification result,2025-03-09T15:39:00,clerk2@corp.com,SAP
INV-4051,verify invoice vs PO,2025-03-09T18:31:00,clerk3@corp.com,SAP
INV-4051,Match line items,2025-03-09T18:44:00,clerk3@corp.com,Coupa
INV-4051,Record verification result,2025-03-09T18:53:00,clerk3@corp.com,SAP
INV-4052,Verify invoice against purchase order,2025-03-09T21:19:00,clerk0@corp.com,SAP
INV-4052,Match line items,2025-03-09T21:27:00,clerk0@corp.com,Coupa
INV-4052,Record verification result,2025-03-09T21:35:00,clerk0@corp.com,SAP
INV-4053,Invoice / PO verification,2025-03-10T00:21:00,clerk1@corp.com,SAP
INV-4053,Match line items,2025-03-10T00:31:00,clerk1@corp.com,Coupa
INV-4053,Record verification result,2025-03-10T00:43:00,clerk1@corp.com,SAP
INV-4054,Invoice / PO verification,2025-03-10T03:10:00,clerk2@corp.com,SAP
INV-4054,Match line items,2025-03-10T03:16:00,clerk2@corp.com,Coupa
INV-4054,Record verification result,2025-03-10T03:28:00,clerk2@corp.com,SAP
INV-4055,verify invoice vs PO,2025-03-10T06:33:00,clerk3@corp.com,SAP
INV-4055,Match line items,2025-03-10T06:41:00,clerk3@corp.com,Coupa
INV-4055,Record verification result,2025-03-10T06:59:00,clerk3@corp.com,SAP
INV-4055,Correct mismatched line,2025-03-10T07:07:00,clerk3@corp.com,SAP
INV-4056,Verify invoice against purchase order,2025-03-10T09:34:00,clerk0@corp.com,SAP
INV-4056,Match line items,2025-03-10T09:48:00,clerk0@corp.com,Coupa
INV-4056,Record verification result,2025-03-10T09:53:00,clerk0@corp.com,SAP
INV-4057,Invoice / PO verification,2025-03-10T12:05:00,clerk1@corp.com,SAP
INV-4057,Match line items,2025-03-10T12:15:00,clerk1@corp.com,Coupa
INV-4057,Record verification result,2025-03-10T12:28:00,clerk1@corp.com,SAP
INV-4058,Verify invoice against purchase order,2025-03-10T15:23:00,clerk2@corp.com,SAP
INV-4058,Match line items,2025-03-10T15:34:00,clerk2@corp.com,Coupa
INV-4058,Record verification result,2025-03-10T15:41:00,clerk2@corp.com,SAP
INV-4059,Invoice / PO verification,2025-03-10T18:34:00,clerk3@corp.com,SAP
INV-4059,Match line items,2025-03-10T18:48:00,clerk3@corp.com,Coupa
INV-4059,Record verification result,2025-03-10T18:54:00,clerk3@corp.com,SAP
INV-4060,Verify invoice against purchase order,2025-03-10T21:40:00,clerk0@corp.com,SAP
INV-4060,Match line items,2025-03-10T21:49:00,clerk0@corp.com,Coupa
INV-4060,Record verification result,2025-03-10T21:58:00,clerk0@corp.com,SAP
INV-4061,Invoice / PO verification,2025-03-11T00:25:00,clerk1@corp.com,SAP
INV-4061,Match line items,2025-03-11T00:34:00,clerk1@corp.com,Coupa
INV-4061,Record verification result,2025-03-11T00:43:00,clerk1@corp.com,SAP
INV-4062,verify invoice vs PO,2025-03-11T03:33:00,clerk2@corp.com,SAP
INV-4062,Match line items,2025-03-11T03:44:00,clerk2@corp.com,Coupa
INV-4062,Record verification result,2025-03-11T03:59:00,clerk2@corp.com,SAP
INV-4063,Verify invoice against purchase order,2025-03-11T06:01:00,clerk3@corp.com,SAP
INV-4063,Match line items,2025-03-11T06:11:00,clerk3@corp.com,Coupa
INV-4063,Record verification result,2025-03-11T06:23:00,clerk3@corp.com,SAP
INV-4064,Verify invoice against purchase order,2025-03-11T09:16:00,clerk0@corp.com,SAP
INV-4064,Match line items,2025-03-11T09:27:00,clerk0@corp.com,Coupa
INV-4064,Record verification result,2025-03-11T09:38:00,clerk0@corp.com,SAP
INV-4065,verify invoice vs PO,2025-03-11T12:22:00,clerk1@corp.com,SAP
INV-4065,Match line items,2025-03-11T12:29:00,clerk1@corp.com,Coupa
INV-4065,Record verification result,2025-03-11T12:40:00,clerk1@corp.com,SAP
INV-4066,Verify invoice against purchase order,2025-03-11T15:06:00,clerk2@corp.com,SAP
INV-4066,Match line items,2025-03-11T15:19:00,clerk2@corp.com,Coupa
INV-4066,Record verification result,2025-03-11T15:24:00,clerk2@corp.com,SAP
INV-4066,Correct mismatched line,2025-03-11T15:40:00,clerk2@corp.com,SAP
INV-4067,Verify invoice against purchase order,2025-03-11T18:21:00,clerk3@corp.com,SAP
INV-4067,Match line items,2025-03-11T18:34:00,clerk3@corp.com,Coupa
INV-4067,Record verification result,2025-03-11T18:45:00,clerk3@corp.com,SAP
INV-4068,Verify invoice against purchase order,2025-03-11T21:39:00,clerk0@corp.com,SAP
INV-4068,Match line items,2025-03-11T21:52:00,clerk0@corp.com,Coupa
INV-4068,Record verification result,2025-03-11T22:04:00,clerk0@corp.com,SAP
INV-4069,Invoice / PO verification,2025-03-12T00:22:00,clerk1@corp.com,SAP
INV-4069,Match line items,2025-03-12T00:29:00,clerk1@corp.com,Coupa
INV-4069,Record verification result,2025-03-12T00:47:00,clerk1@corp.com,SAP
INV-4070,verify invoice vs PO,2025-03-12T03:07:00,clerk2@corp.com,SAP
INV-4070,Match line items,2025-03-12T03:16:00,clerk2@corp.com,Coupa
INV-4070,Record verification result,2025-03-12T03:29:00,clerk2@corp.com,SAP
INV-4071,verify invoice vs PO,2025-03-12T06:11:00,clerk3@corp.com,SAP
INV-4071,Match line items,2025-03-12T06:22:00,clerk3@corp.com,Coupa
INV-4071,Record verification result,2025-03-12T06:27:00,clerk3@corp.com,SAP
INV-4072,verify invoice vs PO,2025-03-12T09:25:00,clerk0@corp.com,SAP
INV-4072,Match line items,2025-03-12T09:37:00,clerk0@corp.com,Coupa
INV-4072,Record verification result,2025-03-12T09:51:00,clerk0@corp.com,SAP
INV-4073,Invoice / PO verification,2025-03-12T12:05:00,clerk1@corp.com,SAP
INV-4073,Match line items,2025-03-12T12:13:00,clerk1@corp.com,Coupa
INV-4073,Record verification result,2025-03-12T12:22:00,clerk1@corp.com,SAP
INV-4074,Verify invoice against purchase order,2025-03-12T15:08:00,clerk2@corp.com,SAP
INV-4074,Match line items,2025-03-12T15:16:00,clerk2@corp.com,Coupa
INV-4074,Record verification result,2025-03-12T15:32:00,clerk2@corp.com,SAP
INV-4075,Invoice / PO verification,2025-03-12T18:29:00,clerk3@corp.com,SAP
INV-4075,Match line items,2025-03-12T18:37:00,clerk3@corp.com,Coupa
INV-4075,Record verification result,2025-03-12T18:53:00,clerk3@corp.com,SAP
INV-4076,verify invoice vs PO,2025-03-12T21:38:00,clerk0@corp.com,SAP
INV-4076,Match line items,2025-03-12T21:49:00,clerk0@corp.com,Coupa
INV-4076,Record verification result,2025-03-12T21:55:00,clerk0@corp.com,SAP
INV-4077,Invoice / PO verification,2025-03-13T00:35:00,clerk1@corp.com,SAP
INV-4077,Match line items,2025-03-13T00:43:00,clerk1@corp.com,Coupa
INV-4077,Record verification result,2025-03-13T00:50:00,clerk1@corp.com,SAP
INV-4077,Correct mismatched line,2025-03-13T01:09:00,clerk1@corp.com,SAP
INV-4078,Invoice / PO verification,2025-03-13T03:00:00,clerk2@corp.com,SAP
INV-4078,Match line items,2025-03-13T03:07:00,clerk2@corp.com,Coupa
INV-4078,Record verification result,2025-03-13T03:23:00,clerk2@corp.com,SAP
INV-4079,verify invoice vs PO,2025-03-13T06:08:00,clerk3@corp.com,SAP
INV-4079,Match line items,2025-03-13T06:17:00,clerk3@corp.com,Coupa
INV-4079,Record verification result,2025-03-13T06:26:00,clerk3@corp.com,SAP
INV-4080,verify invoice vs PO,2025-03-13T09:01:00,clerk0@corp.com,SAP
INV-4080,Match line items,2025-03-13T09:10:00,clerk0@corp.com,Coupa
INV-4080,Record verification result,2025-03-13T09:20:00,clerk0@corp.com,SAP
INV-4081,Verify invoice against purchase order,2025-03-13T12:32:00,clerk1@corp.com,SAP
INV-4081,Match line items,2025-03-13T12:43:00,clerk1@corp.com,Coupa
INV-4081,Record verification result,2025-03-13T12:51:00,clerk1@corp.com,SAP
INV-4082,verify invoice vs PO,2025-03-13T15:34:00,clerk2@corp.com,SAP
INV-4082,Match line items,2025-03-13T15:42:00,clerk2@corp.com,Coupa
INV-4082,Record verification result,2025-03-13T15:49:00,clerk2@corp.com,SAP
INV-4083,verify invoice vs PO,2025-03-13T18:22:00,clerk3@corp.com,SAP
INV-4083,Match line items,2025-03-13T18:36:00,clerk3@corp.com,Coupa
INV-4083,Record verification result,2025-03-13T18:43:00,clerk3@corp.com,SAP
INV-4084,Verify invoice against purchase order,2025-03-13T21:32:00,clerk0@corp.com,SAP
INV-4084,Match line items,2025-03-13T21:46:00,clerk0@corp.com,Coupa
INV-4084,Record verification result,2025-03-13T21:49:00,clerk0@corp.com,SAP
INV-4085,Invoice / PO verification,2025-03-14T00:33:00,clerk1@corp.com,SAP
INV-4085,Match line items,2025-03-14T00:39:00,clerk1@corp.com,Coupa
INV-4085,Record verification result,2025-03-14T00:55:00,clerk1@corp.com,SAP
INV-4086,Invoice / PO verification,2025-03-14T03:11:00,clerk2@corp.com,SAP
INV-4086,Match line items,2025-03-14T03:17:00,clerk2@corp.com,Coupa
INV-4086,Record verification result,2025-03-14T03:28:00,clerk2@corp.com,SAP
INV-4087,Verify invoice against purchase order,2025-03-14T06:11:00,clerk3@corp.com,SAP
INV-4087,Match line items,2025-03-14T06:24:00,clerk3@corp.com,Coupa
INV-4087,Record verification result,2025-03-14T06:35:00,clerk3@corp.com,SAP
INV-4088,Invoice / PO verification,2025-03-14T09:07:00,clerk0@corp.com,SAP
INV-4088,Match line items,2025-03-14T09:13:00,clerk0@corp.com,Coupa
INV-4088,Record verification result,2025-03-14T09:27:00,clerk0@corp.com,SAP
INV-4088,Correct mismatched line,2025-03-14T09:41:00,clerk0@corp.com,SAP
INV-4089,Invoice / PO verification,2025-03-14T12:33:00,clerk1@corp.com,SAP
INV-4089,Match line items,2025-03-14T12:47:00,clerk1@corp.com,Coupa
INV-4089,Record verification result,2025-03-14T12:55:00,clerk1@corp.com,SAP
INV-4090,Invoice / PO verification,2025-03-14T15:06:00,clerk2@corp.com,SAP
INV-4090,Match line items,2025-03-14T15:12:00,clerk2@corp.com,Coupa
INV-4090,Record verification result,2025-03-14T15:24:00,clerk2@corp.com,SAP
INV-4091,verify invoice vs PO,2025-03-14T18:12:00,clerk3@corp.com,SAP
INV-4091,Match line items,2025-03-14T18:18:00,clerk3@corp.com,Coupa
INV-4091,Record verification result,2025-03-14T18:28:00,clerk3@corp.com,SAP
INV-4092,verify invoice vs PO,2025-03-14T21:32:00,clerk0@corp.com,SAP
INV-4092,Match line items,2025-03-14T21:46:00,clerk0@corp.com,Coupa
INV-4092,Record verification result,2025-03-14T21:47:00,clerk0@corp.com,SAP
INV-4093,verify invoice vs PO,2025-03-15T00:04:00,clerk1@corp.com,SAP
INV-4093,Match line items,2025-03-15T00:15:00,clerk1@corp.com,Coupa
INV-4093,Record verification result,2025-03-15T00:28:00,clerk1@corp.com,SAP
INV-4094,Invoice / PO verification,2025-03-15T03:32:00,clerk2@corp.com,SAP
INV-4094,Match line items,2025-03-15T03:46:00,clerk2@corp.com,Coupa
INV-4094,Record verification result,2025-03-15T03:50:00,clerk2@corp.com,SAP
INV-4095,verify invoice vs PO,2025-03-15T06:17:00,clerk3@corp.com,SAP
INV-4095,Match line items,2025-03-15T06:31:00,clerk3@corp.com,Coupa
INV-4095,Record verification result,2025-03-15T06:40:00,clerk3@corp.com,SAP
INV-4096,Invoice / PO verification,2025-03-15T09:30:00,clerk0@corp.com,SAP
INV-4096,Match line items,2025-03-15T09:39:00,clerk0@corp.com,Coupa
INV-4096,Record verification result,2025-03-15T09:56:00,clerk0@corp.com,SAP
INV-4097,verify invoice vs PO,2025-03-15T12:33:00,clerk1@corp.com,SAP
INV-4097,Match line items,2025-03-15T12:47:00,clerk1@corp.com,Coupa
INV-4097,Record verification result,2025-03-15T12:51:00,clerk1@corp.com,SAP
INV-4098,Verify invoice against purchase order,2025-03-15T15:28:00,clerk2@corp.com,SAP
INV-4098,Match line items,2025-03-15T15:40:00,clerk2@corp.com,Coupa
INV-4098,Record verification result,2025-03-15T15:44:00,clerk2@corp.com,SAP
INV-4099,verify invoice vs PO,2025-03-15T18:25:00,clerk3@corp.com,SAP
INV-4099,Match line items,2025-03-15T18:36:00,clerk3@corp.com,Coupa
INV-4099,Record verification result,2025-03-15T18:41:00,clerk3@corp.com,SAP
INV-4099,Correct mismatched line,2025-03-15T18:59:00,clerk3@corp.com,SAP
INV-4100,verify invoice vs PO,2025-03-15T21:15:00,clerk0@corp.com,SAP
INV-4100,Match line items,2025-03-15T21:22:00,clerk0@corp.com,Coupa
INV-4100,Record verification result,2025-03-15T21:33:00,clerk0@corp.com,SAP
INV-4101,Verify invoice against purchase order,2025-03-16T00:19:00,clerk1@corp.com,SAP
INV-4101,Match line items,2025-03-16T00:27:00,clerk1@corp.com,Coupa
INV-4101,Record verification result,2025-03-16T00:45:00,clerk1@corp.com,SAP
INV-4102,Verify invoice against purchase order,2025-03-16T03:23:00,clerk2@corp.com,SAP
INV-4102,Match line items,2025-03-16T03:33:00,clerk2@corp.com,Coupa
INV-4102,Record verification result,2025-03-16T03:40:00,clerk2@corp.com,SAP
INV-4103,Verify invoice against purchase order,2025-03-16T06:29:00,clerk3@corp.com,SAP
INV-4103,Match line items,2025-03-16T06:36:00,clerk3@corp.com,Coupa
INV-4103,Record verification result,2025-03-16T06:50:00,clerk3@corp.com,SAP
INV-4104,Verify invoice against purchase order,2025-03-16T09:31:00,clerk0@corp.com,SAP
INV-4104,Match line items,2025-03-16T09:40:00,clerk0@corp.com,Coupa
INV-4104,Record verification result,2025-03-16T09:48:00,clerk0@corp.com,SAP
INV-4105,Invoice / PO verification,2025-03-16T12:27:00,clerk1@corp.com,SAP
INV-4105,Match line items,2025-03-16T12:39:00,clerk1@corp.com,Coupa
INV-4105,Record verification result,2025-03-16T12:47:00,clerk1@corp.com,SAP
INV-4106,Verify invoice against purchase order,2025-03-16T15:26:00,clerk2@corp.com,SAP
INV-4106,Match line items,2025-03-16T15:37:00,clerk2@corp.com,Coupa
INV-4106,Record verification result,2025-03-16T15:46:00,clerk2@corp.com,SAP
INV-4107,Invoice / PO verification,2025-03-16T18:05:00,clerk3@corp.com,SAP
INV-4107,Match line items,2025-03-16T18:16:00,clerk3@corp.com,Coupa
INV-4107,Record verification result,2025-03-16T18:20:00,clerk3@corp.com,SAP
INV-4108,Invoice / PO verification,2025-03-16T21:21:00,clerk0@corp.com,SAP
INV-4108,Match line items,2025-03-16T21:34:00,clerk0@corp.com,Coupa
INV-4108,Record verification result,2025-03-16T21:43:00,clerk0@corp.com,SAP
INV-4109,verify invoice vs PO,2025-03-17T00:01:00,clerk1@corp.com,SAP
INV-4109,Match line items,2025-03-17T00:12:00,clerk1@corp.com,Coupa
INV-4109,Record verification result,2025-03-17T00:24:00,clerk1@corp.com,SAP
INV-4110,verify invoice vs PO,2025-03-17T03:39:00,clerk2@corp.com,SAP
INV-4110,Match line items,2025-03-17T03:53:00,clerk2@corp.com,Coupa
INV-4110,Record verification result,2025-03-17T03:55:00,clerk2@corp.com,SAP
INV-4110,Correct mismatched line,2025-03-17T04:13:00,clerk2@corp.com,SAP
INV-4111,Verify invoice against purchase order,2025-03-17T06:07:00,clerk3@corp.com,SAP
INV-4111,Match line items,2025-03-17T06:14:00,clerk3@corp.com,Coupa
INV-4111,Record verification result,2025-03-17T06:23:00,clerk3@corp.com,SAP
INV-4112,verify invoice vs PO,2025-03-17T09:16:00,clerk0@corp.com,SAP
INV-4112,Match line items,2025-03-17T09:22:00,clerk0@corp.com,Coupa
INV-4112,Record verification result,2025-03-17T09:33:00,clerk0@corp.com,SAP
INV-4113,Verify invoice against purchase order,2025-03-17T12:17:00,clerk1@corp.com,SAP
INV-4113,Match line items,2025-03-17T12:29:00,clerk1@corp.com,Coupa
INV-4113,Record verification result,2025-03-17T12:42:00,clerk1@corp.com,SAP
INV-4114,verify invoice vs PO,2025-03-17T15:16:00,clerk2@corp.com,SAP
INV-4114,Match line items,2025-03-17T15:24:00,clerk2@corp.com,Coupa
INV-4114,Record verification result,2025-03-17T15:39:00,clerk2@corp.com,SAP
INV-4115,Invoice / PO verification,2025-03-17T18:32:00,clerk3@corp.com,SAP
INV-4115,Match line items,2025-03-17T18:45:00,clerk3@corp.com,Coupa
INV-4115,Record verification result,2025-03-17T18:58:00,clerk3@corp.com,SAP
INV-4116,Verify invoice against purchase order,2025-03-17T21:20:00,clerk0@corp.com,SAP
INV-4116,Match line items,2025-03-17T21:30:00,clerk0@corp.com,Coupa
INV-4116,Record verification result,2025-03-17T21:35:00,clerk0@corp.com,SAP
INV-4117,verify invoice vs PO,2025-03-18T00:11:00,clerk1@corp.com,SAP
INV-4117,Match line items,2025-03-18T00:18:00,clerk1@corp.com,Coupa
INV-4117,Record verification result,2025-03-18T00:30:00,clerk1@corp.com,SAP
INV-4118,Invoice / PO verification,2025-03-18T03:01:00,clerk2@corp.com,SAP
INV-4118,Match line items,2025-03-18T03:08:00,clerk2@corp.com,Coupa
INV-4118,Record verification result,2025-03-18T03:20:00,clerk2@corp.com,SAP
INV-4119,Invoice / PO verification,2025-03-18T06:05:00,clerk3@corp.com,SAP
INV-4119,Match line items,2025-03-18T06:14:00,clerk3@corp.com,Coupa
INV-4119,Record verification result,2025-03-18T06:21:00,clerk3@corp.com,SAP
INV-4120,Verify invoice against purchase order,2025-03-18T09:16:00,clerk0@corp.com,SAP
INV-4120,Match line items,2025-03-18T09:29:00,clerk0@corp.com,Coupa
INV-4120,Record verification result,2025-03-18T09:31:00,clerk0@corp.com,SAP
INV-4121,Invoice / PO verification,2025-03-18T12:21:00,clerk1@corp.com,SAP
INV-4121,Match line items,2025-03-18T12:33:00,clerk1@corp.com,Coupa
INV-4121,Record verification result,2025-03-18T12:40:00,clerk1@corp.com,SAP
INV-4121,Correct mismatched line,2025-03-18T12:55:00,clerk1@corp.com,SAP
INV-4122,Verify invoice against purchase order,2025-03-18T15:39:00,clerk2@corp.com,SAP
INV-4122,Match line items,2025-03-18T15:45:00,clerk2@corp.com,Coupa
INV-4122,Record verification result,2025-03-18T16:02:00,clerk2@corp.com,SAP
INV-4123,Verify invoice against purchase order,2025-03-18T18:15:00,clerk3@corp.com,SAP
INV-4123,Match line items,2025-03-18T18:23:00,clerk3@corp.com,Coupa
INV-4123,Record verification result,2025-03-18T18:34:00,clerk3@corp.com,SAP
INV-4124,Verify invoice against purchase order,2025-03-18T21:03:00,clerk0@corp.com,SAP
INV-4124,Match line items,2025-03-18T21:12:00,clerk0@corp.com,Coupa
INV-4124,Record verification result,2025-03-18T21:22:00,clerk0@corp.com,SAP
INV-4125,verify invoice vs PO,2025-03-19T00:40:00,clerk1@corp.com,SAP
INV-4125,Match line items,2025-03-19T00:54:00,clerk1@corp.com,Coupa
INV-4125,Record verification result,2025-03-19T00:58:00,clerk1@corp.com,SAP
INV-4126,verify invoice vs PO,2025-03-19T03:18:00,clerk2@corp.com,SAP
INV-4126,Match line items,2025-03-19T03:32:00,clerk2@corp.com,Coupa
INV-4126,Record verification result,2025-03-19T03:43:00,clerk2@corp.com,SAP
INV-4127,verify invoice vs PO,2025-03-19T06:11:00,clerk3@corp.com,SAP
INV-4127,Match line items,2025-03-19T06:22:00,clerk3@corp.com,Coupa
INV-4127,Record verification result,2025-03-19T06:26:00,clerk3@corp.com,SAP
INV-4128,Verify invoice against purchase order,2025-03-19T09:16:00,clerk0@corp.com,SAP
INV-4128,Match line items,2025-03-19T09:22:00,clerk0@corp.com,Coupa
INV-4128,Record verification result,2025-03-19T09:31:00,clerk0@corp.com,SAP
INV-4129,Invoice / PO verification,2025-03-19T12:32:00,clerk1@corp.com,SAP
INV-4129,Match line items,2025-03-19T12:41:00,clerk1@corp.com,Coupa
INV-4129,Record verification result,2025-03-19T12:55:00,clerk1@corp.com,SAP
PAY-900,Payroll tax remittance and filing,2025-03-03T09:00:00,payroll.lead@corp.com,ADP
PAY-900,Submit filing to tax authority,2025-03-03T09:22:00,payroll.lead@corp.com,IRS FIRE
PAY-901,Payroll tax remittance and filing,2025-03-03T18:00:00,payroll.lead@corp.com,ADP
PAY-901,Submit filing to tax authority,2025-03-03T18:22:00,payroll.lead@corp.com,IRS FIRE
PAY-902,Payroll tax remittance and filing,2025-03-04T03:00:00,payroll.lead@corp.com,ADP
PAY-902,Submit filing to tax authority,2025-03-04T03:22:00,payroll.lead@corp.com,IRS FIRE
PAY-903,Payroll tax remittance and filing,2025-03-04T12:00:00,payroll.lead@corp.com,ADP
PAY-903,Submit filing to tax authority,2025-03-04T12:22:00,payroll.lead@corp.com,IRS FIRE
PAY-904,Payroll tax remittance and filing,2025-03-04T21:00:00,payroll.lead@corp.com,ADP
PAY-904,Submit filing to tax authority,2025-03-04T21:22:00,payroll.lead@corp.com,IRS FIRE
PAY-905,Payroll tax remittance and filing,2025-03-05T06:00:00,payroll.lead@corp.com,ADP
PAY-905,Submit filing to tax authority,2025-03-05T06:22:00,payroll.lead@corp.com,IRS FIRE
PAY-906,Payroll tax remittance and filing,2025-03-05T15:00:00,payroll.lead@corp.com,ADP
PAY-906,Submit filing to tax authority,2025-03-05T15:22:00,payroll.lead@corp.com,IRS FIRE
PAY-907,Payroll tax remittance and filing,2025-03-06T00:00:00,payroll.lead@corp.com,ADP
PAY-907,Submit filing to tax authority,2025-03-06T00:22:00,payroll.lead@corp.com,IRS FIRE
PAY-908,Payroll tax remittance and filing,2025-03-06T09:00:00,payroll.lead@corp.com,ADP
PAY-908,Submit filing to tax authority,2025-03-06T09:22:00,payroll.lead@corp.com,IRS FIRE
PAY-909,Payroll tax remittance and filing,2025-03-06T18:00:00,payroll.lead@corp.com,ADP
PAY-909,Submit filing to tax authority,2025-03-06T18:22:00,payroll.lead@corp.com,IRS FIRE
PAY-910,Payroll tax remittance and filing,2025-03-07T03:00:00,payroll.lead@corp.com,ADP
PAY-910,Submit filing to tax authority,2025-03-07T03:22:00,payroll.lead@corp.com,IRS FIRE
PAY-911,Payroll tax remittance and filing,2025-03-07T12:00:00,payroll.lead@corp.com,ADP
PAY-911,Submit filing to tax authority,2025-03-07T12:22:00,payroll.lead@corp.com,IRS FIRE
PAY-912,Payroll tax remittance and filing,2025-03-07T21:00:00,payroll.lead@corp.com,ADP
PAY-912,Submit filing to tax authority,2025-03-07T21:22:00,payroll.lead@corp.com,IRS FIRE
PAY-913,Payroll tax remittance and filing,2025-03-08T06:00:00,payroll.lead@corp.com,ADP
PAY-913,Submit filing to tax authority,2025-03-08T06:22:00,payroll.lead@corp.com,IRS FIRE
PAY-914,Payroll tax remittance and filing,2025-03-08T15:00:00,payroll.lead@corp.com,ADP
PAY-914,Submit filing to tax authority,2025-03-08T15:22:00,payroll.lead@corp.com,IRS FIRE
PAY-915,Payroll tax remittance and filing,2025-03-09T00:00:00,payroll.lead@corp.com,ADP
PAY-915,Submit filing to tax authority,2025-03-09T00:22:00,payroll.lead@corp.com,IRS FIRE
PAY-916,Payroll tax remittance and filing,2025-03-09T09:00:00,payroll.lead@corp.com,ADP
PAY-916,Submit filing to tax authority,2025-03-09T09:22:00,payroll.lead@corp.com,IRS FIRE
PAY-917,Payroll tax remittance and filing,2025-03-09T18:00:00,payroll.lead@corp.com,ADP
PAY-917,Submit filing to tax authority,2025-03-09T18:22:00,payroll.lead@corp.com,IRS FIRE
PAY-918,Payroll tax remittance and filing,2025-03-10T03:00:00,payroll.lead@corp.com,ADP
PAY-918,Submit filing to tax authority,2025-03-10T03:22:00,payroll.lead@corp.com,IRS FIRE
PAY-919,Payroll tax remittance and filing,2025-03-10T12:00:00,payroll.lead@corp.com,ADP
PAY-919,Submit filing to tax authority,2025-03-10T12:22:00,payroll.lead@corp.com,IRS FIRE
PAY-920,Payroll tax remittance and filing,2025-03-10T21:00:00,payroll.lead@corp.com,ADP
PAY-920,Submit filing to tax authority,2025-03-10T21:22:00,payroll.lead@corp.com,IRS FIRE
PAY-921,Payroll tax remittance and filing,2025-03-11T06:00:00,payroll.lead@corp.com,ADP
PAY-921,Submit filing to tax authority,2025-03-11T06:22:00,payroll.lead@corp.com,IRS FIRE
PAY-922,Payroll tax remittance and filing,2025-03-11T15:00:00,payroll.lead@corp.com,ADP
PAY-922,Submit filing to tax authority,2025-03-11T15:22:00,payroll.lead@corp.com,IRS FIRE
PAY-923,Payroll tax remittance and filing,2025-03-12T00:00:00,payroll.lead@corp.com,ADP
PAY-923,Submit filing to tax authority,2025-03-12T00:22:00,payroll.lead@corp.com,IRS FIRE
PAY-924,Payroll tax remittance and filing,2025-03-12T09:00:00,payroll.lead@corp.com,ADP
PAY-924,Submit filing to tax authority,2025-03-12T09:22:00,payroll.lead@corp.com,IRS FIRE
PAY-925,Payroll tax remittance and filing,2025-03-12T18:00:00,payroll.lead@corp.com,ADP
PAY-925,Submit filing to tax authority,2025-03-12T18:22:00,payroll.lead@corp.com,IRS FIRE
PAY-926,Payroll tax remittance and filing,2025-03-13T03:00:00,payroll.lead@corp.com,ADP
PAY-926,Submit filing to tax authority,2025-03-13T03:22:00,payroll.lead@corp.com,IRS FIRE
PAY-927,Payroll tax remittance and filing,2025-03-13T12:00:00,payroll.lead@corp.com,ADP
PAY-927,Submit filing to tax authority,2025-03-13T12:22:00,payroll.lead@corp.com,IRS FIRE
PAY-928,Payroll tax remittance and filing,2025-03-13T21:00:00,payroll.lead@corp.com,ADP
PAY-928,Submit filing to tax authority,2025-03-13T21:22:00,payroll.lead@corp.com,IRS FIRE
PAY-929,Payroll tax remittance and filing,2025-03-14T06:00:00,payroll.lead@corp.com,ADP
PAY-929,Submit filing to tax authority,2025-03-14T06:22:00,payroll.lead@corp.com,IRS FIRE
PAY-930,Payroll tax remittance and filing,2025-03-14T15:00:00,payroll.lead@corp.com,ADP
PAY-930,Submit filing to tax authority,2025-03-14T15:22:00,payroll.lead@corp.com,IRS FIRE
PAY-931,Payroll tax remittance and filing,2025-03-15T00:00:00,payroll.lead@corp.com,ADP
PAY-931,Submit filing to tax authority,2025-03-15T00:22:00,payroll.lead@corp.com,IRS FIRE
PAY-932,Payroll tax remittance and filing,2025-03-15T09:00:00,payroll.lead@corp.com,ADP
PAY-932,Submit filing to tax authority,2025-03-15T09:22:00,payroll.lead@corp.com,IRS FIRE
PAY-933,Payroll tax remittance and filing,2025-03-15T18:00:00,payroll.lead@corp.com,ADP
PAY-933,Submit filing to tax authority,2025-03-15T18:22:00,payroll.lead@corp.com,IRS FIRE
PAY-934,Payroll tax remittance and filing,2025-03-16T03:00:00,payroll.lead@corp.com,ADP
PAY-934,Submit filing to tax authority,2025-03-16T03:22:00,payroll.lead@corp.com,IRS FIRE
PAY-935,Payroll tax remittance and filing,2025-03-16T12:00:00,payroll.lead@corp.com,ADP
PAY-935,Submit filing to tax authority,2025-03-16T12:22:00,payroll.lead@corp.com,IRS FIRE
PAY-936,Payroll tax remittance and filing,2025-03-16T21:00:00,payroll.lead@corp.com,ADP
PAY-936,Submit filing to tax authority,2025-03-16T21:22:00,payroll.lead@corp.com,IRS FIRE
PAY-937,Payroll tax remittance and filing,2025-03-17T06:00:00,payroll.lead@corp.com,ADP
PAY-937,Submit filing to tax authority,2025-03-17T06:22:00,payroll.lead@corp.com,IRS FIRE
PAY-938,Payroll tax remittance and filing,2025-03-17T15:00:00,payroll.lead@corp.com,ADP
PAY-938,Submit filing to tax authority,2025-03-17T15:22:00,payroll.lead@corp.com,IRS FIRE
PAY-939,Payroll tax remittance and filing,2025-03-18T00:00:00,payroll.lead@corp.com,ADP
PAY-939,Submit filing to tax authority,2025-03-18T00:22:00,payroll.lead@corp.com,IRS FIRE
VEN-300,Review vendor onboarding documents,2025-03-03T09:00:00,proc.analyst@corp.com,DocuSign
VEN-300,Assess vendor compliance risk,2025-03-03T09:40:00,proc.analyst@corp.com,NetSuite
VEN-301,Review vendor onboarding documents,2025-03-03T23:00:00,proc.analyst@corp.com,DocuSign
VEN-301,Assess vendor compliance risk,2025-03-03T23:40:00,proc.analyst@corp.com,NetSuite
VEN-302,Review vendor onboarding documents,2025-03-04T13:00:00,proc.analyst@corp.com,DocuSign
VEN-302,Assess vendor compliance risk,2025-03-04T13:40:00,proc.analyst@corp.com,NetSuite
VEN-303,Review vendor onboarding documents,2025-03-05T03:00:00,proc.analyst@corp.com,DocuSign
VEN-303,Assess vendor compliance risk,2025-03-05T03:40:00,proc.analyst@corp.com,NetSuite
VEN-304,Review vendor onboarding documents,2025-03-05T17:00:00,proc.analyst@corp.com,DocuSign
VEN-304,Assess vendor compliance risk,2025-03-05T17:40:00,proc.analyst@corp.com,NetSuite
VEN-305,Review vendor onboarding documents,2025-03-06T07:00:00,proc.analyst@corp.com,DocuSign
VEN-305,Assess vendor compliance risk,2025-03-06T07:40:00,proc.analyst@corp.com,NetSuite
VEN-306,Review vendor onboarding documents,2025-03-06T21:00:00,proc.analyst@corp.com,DocuSign
VEN-306,Assess vendor compliance risk,2025-03-06T21:40:00,proc.analyst@corp.com,NetSuite
VEN-307,Review vendor onboarding documents,2025-03-07T11:00:00,proc.analyst@corp.com,DocuSign
VEN-307,Assess vendor compliance risk,2025-03-07T11:40:00,proc.analyst@corp.com,NetSuite
VEN-308,Review vendor onboarding documents,2025-03-08T01:00:00,proc.analyst@corp.com,DocuSign
VEN-308,Assess vendor compliance risk,2025-03-08T01:40:00,proc.analyst@corp.com,NetSuite
VEN-309,Review vendor onboarding documents,2025-03-08T15:00:00,proc.analyst@corp.com,DocuSign
VEN-309,Assess vendor compliance risk,2025-03-08T15:40:00,proc.analyst@corp.com,NetSuite
VEN-310,Review vendor onboarding documents,2025-03-09T05:00:00,proc.analyst@corp.com,DocuSign
VEN-310,Assess vendor compliance risk,2025-03-09T05:40:00,proc.analyst@corp.com,NetSuite
VEN-311,Review vendor onboarding documents,2025-03-09T19:00:00,proc.analyst@corp.com,DocuSign
VEN-311,Assess vendor compliance risk,2025-03-09T19:40:00,proc.analyst@corp.com,NetSuite
VEN-312,Review vendor onboarding documents,2025-03-10T09:00:00,proc.analyst@corp.com,DocuSign
VEN-312,Assess vendor compliance risk,2025-03-10T09:40:00,proc.analyst@corp.com,NetSuite
VEN-313,Review vendor onboarding documents,2025-03-10T23:00:00,proc.analyst@corp.com,DocuSign
VEN-313,Assess vendor compliance risk,2025-03-10T23:40:00,proc.analyst@corp.com,NetSuite
VEN-314,Review vendor onboarding documents,2025-03-11T13:00:00,proc.analyst@corp.com,DocuSign
VEN-314,Assess vendor compliance risk,2025-03-11T13:40:00,proc.analyst@corp.com,NetSuite
VEN-315,Review vendor onboarding documents,2025-03-12T03:00:00,proc.analyst@corp.com,DocuSign
VEN-315,Assess vendor compliance risk,2025-03-12T03:40:00,proc.analyst@corp.com,NetSuite
VEN-316,Review vendor onboarding documents,2025-03-12T17:00:00,proc.analyst@corp.com,DocuSign
VEN-316,Assess vendor compliance risk,2025-03-12T17:40:00,proc.analyst@corp.com,NetSuite
VEN-317,Review vendor onboarding documents,2025-03-13T07:00:00,proc.analyst@corp.com,DocuSign
VEN-317,Assess vendor compliance risk,2025-03-13T07:40:00,proc.analyst@corp.com,NetSuite
VEN-318,Review vendor onboarding documents,2025-03-13T21:00:00,proc.analyst@corp.com,DocuSign
VEN-318,Assess vendor compliance risk,2025-03-13T21:40:00,proc.analyst@corp.com,NetSuite
VEN-319,Review vendor onboarding documents,2025-03-14T11:00:00,proc.analyst@corp.com,DocuSign
VEN-319,Assess vendor compliance risk,2025-03-14T11:40:00,proc.analyst@corp.com,NetSuite
VEN-320,Review vendor onboarding documents,2025-03-15T01:00:00,proc.analyst@corp.com,DocuSign
VEN-320,Assess vendor compliance risk,2025-03-15T01:40:00,proc.analyst@corp.com,NetSuite
VEN-321,Review vendor onboarding documents,2025-03-15T15:00:00,proc.analyst@corp.com,DocuSign
VEN-321,Assess vendor compliance risk,2025-03-15T15:40:00,proc.analyst@corp.com,NetSuite
VEN-322,Review vendor onboarding documents,2025-03-16T05:00:00,proc.analyst@corp.com,DocuSign
VEN-322,Assess vendor compliance risk,2025-03-16T05:40:00,proc.analyst@corp.com,NetSuite
VEN-323,Review vendor onboarding documents,2025-03-16T19:00:00,proc.analyst@corp.com,DocuSign
VEN-323,Assess vendor compliance risk,2025-03-16T19:40:00,proc.analyst@corp.com,NetSuite
VEN-324,Review vendor onboarding documents,2025-03-17T09:00:00,proc.analyst@corp.com,DocuSign
VEN-324,Assess vendor compliance risk,2025-03-17T09:40:00,proc.analyst@corp.com,NetSuite
